﻿<?xml version="1.0" encoding="UTF-8" standalone="yes"?>
<addon id="metadata.laoyang945.image"
		name="Japanese Adult Image Video Scraper"
		version="2.0"
		provider-name="laoyang945">
		<requires>
				<import addon="xbmc.metadata" version="1.0"/>
		</requires>
		<extension point="xbmc.metadata.scraper.movies"
				library="jav.xml"/>
		<extension point="xbmc.addon.metadata">
				<summary lang="en">Japanese Image Video Scraper</summary>
				<description lang="en">Download metadata and thumbnail for your Japanese Image Video collection</description>
				<platform>all</platform>
		</extension>
</addon>
