﻿<?xml version="1.0" encoding="utf-8"?><scraper framework="1.1" date="2013-07-31" name="jav" content="movies" language="en">
	<NfoUrl dest="3">
		<RegExp input="$$1" output="\1" dest="3">
			<expression />
		</RegExp>
	</NfoUrl>
	<CreateSearchUrl clearbuffers="no" dest="3">
		<RegExp input="$$1" output="&lt;url&gt;http://www.aventertainments.com/search_Products.aspx?languageID=2&amp;dept_id=29&amp;keyword=\1&amp;searchby=keyword&lt;/url&gt;" dest="3">
			<expression encode="1">(.*)</expression>
		</RegExp>
	</CreateSearchUrl>
	<GetSearchResults clearbuffers="no" dest="8">
		<RegExp input="$$3" output="&lt;?xml version=&quot;1.0&quot; encoding=&quot;UTF-8&quot; standalone=&quot;yes&quot;?&gt;&lt;results&gt;\1&lt;/results&gt;" dest="8">
			<RegExp input="$$1" output="&lt;entity&gt;&lt;title&gt;\2&lt;/title&gt;&lt;url&gt;\1&lt;/url&gt;&lt;/entity&gt;" dest="3">
				<expression repeat="yes">&lt;h4&gt;&lt;a href="(http://www.aventertainments.com/product_lists.aspx\?product_id=[0-9]{5}&amp;languageID=2&amp;dept_id=29")&gt;(.*?)&lt;/a&gt;</expression>
			</RegExp>
			<expression noclean="1" />
		</RegExp>
	</GetSearchResults>
	<GetDetails dest="4">
		<RegExp input="$$8" output="&lt;details&gt;\1&lt;/details&gt;" dest="4">
			<RegExp input="$$1" output="&lt;title&gt;\1&lt;/title&gt;" dest="8">
				<expression>&lt;li class="title"&gt;(.*?)&lt;/li&gt;</expression>
			</RegExp>
			<RegExp input="$$1" output="&lt;year&gt;\1&lt;/year&gt;" dest="8+">
				<expression>発売日:&lt;/span&gt;\s[0-9]{1,2}/[0-9]{1,2}/([0-9]{4})</expression>
			</RegExp>
			<RegExp input="$$1" output="&lt;thumb&gt;http://imgs.aventertainments.com/\1jacket_images/\2&lt;/thumb&gt;" dest="8+">
				<expression>&lt;img src="http://imgs.aventertainments.com/(new/)?jacket_images/([0-9A-Za-z\-]*?\.jpg)" alt="" border="0" align="left" /&gt;</expression>
			</RegExp>
			<RegExp input="$$1" output="&lt;studio&gt;\1&lt;/studio&gt;" dest="8+">
				<expression>スタジオ:&lt;/span&gt; &lt;a href="http://www.aventertainments.com/studio_products.aspx\?StudioID=[0-9]*&amp;Dept_ID=29&amp;languageID=2"&gt;(.*?)&lt;/a&gt;</expression>
			</RegExp>
			<RegExp input="$$1" output="&lt;plot&gt;\1&lt;/plot&gt;" dest="8+">
				<expression>&lt;div class="title2"&gt;この作品のレビュー&lt;/div&gt;\s*&lt;p&gt;(.*)&lt;/p&gt;</expression>
			</RegExp>
			<RegExp input="$$2" output="&lt;genre&gt;\1&lt;/genre&gt;" dest="8+">
				<RegExp input="$$1" output="\1" dest="2">
					<expression noclean="1">&lt;span class="title"&gt;カテゴリ一覧:&lt;/span&gt;\s*&lt;ul&gt;(.*?)&lt;/ul&gt;</expression>
				</RegExp>
				<expression repeat="yes">&lt;ol&gt;(.*?)&lt;/ol&gt;</expression>
			</RegExp>
			<RegExp input="$$1" output="&lt;url function=&quot;getThumb&quot;&gt;http://www.aventertainments.com/ActressDetail.aspx?languageID=2&amp;actressname=\1&lt;/url&gt;" dest="8+">
				<expression repeat="yes">&lt;a href='http://www.aventertainments.com/ActressDetail.aspx\?languageID=2&amp;actressname=([^&lt;]*?)&amp;dept_id=29'&gt;[^&lt;]*?&lt;/a&gt;</expression>
			</RegExp>
			<expression noclean="1" />
		</RegExp>
	</GetDetails>
	<getThumb dest="5">
		<RegExp input="$$3" output="&lt;details&gt;&lt;actor&gt;\1&lt;/actor&gt;&lt;/details&gt;" dest="5">
			<RegExp input="$$1" output="&lt;thumb&gt;\1&lt;/thumb&gt;" dest="3">
				<expression noclean="1">(http://imgs02.aventertainments.com/ActressImage/LargeImage/.*?\.jpg)</expression>
			</RegExp>
			<RegExp input="$$1" output="&lt;name&gt;\1&lt;/name&gt;" dest="3+">
				<expression>&lt;li&gt;女優名: (.*?)&lt;/li&gt;</expression>
			</RegExp>
			<expression noclean="1" />
		</RegExp>
	</getThumb>
</scraper>