﻿<?xml version="1.0" encoding="utf-8"?><scraper framework="1.1" date="2013-08-01" name="jav" content="movies" language="en">
	<NfoUrl dest="3">
		<RegExp input="$$1" output="\1" dest="3">
			<expression />
		</RegExp>
	</NfoUrl>
	<CreateSearchUrl clearbuffers="no" dest="3">
		<RegExp input="$$1" output="&lt;url&gt;http://en.caribbeancom.com/eng/moviepages/\1/index.html&lt;/url&gt;" dest="3">
			<expression>([0-9]{6}.[0-9]{3})</expression>
		</RegExp>
		<RegExp input="$$1" output="http://en.caribbeancom.com/eng/moviepages/\1/index.html" dest="2">
			<expression>([0-9]{6}.[0-9]{3})</expression>
		</RegExp>
	</CreateSearchUrl>
	<GetSearchResults clearbuffers="no" dest="8">
		<RegExp input="$$3" output="&lt;?xml version=&quot;1.0&quot; encoding=&quot;UTF-8&quot; standalone=&quot;yes&quot;?&gt;&lt;results&gt;&lt;entity&gt;\1&lt;/entity&gt;&lt;/results&gt;" dest="8">
			<RegExp input="$$1" output="&lt;title&gt;\1&lt;/title&gt;" dest="3">
				<expression>&lt;title&gt;(.*)&lt;/title&gt;</expression>
			</RegExp>
			<RegExp input="$$2" output="&lt;url&gt;\1&lt;/url&gt;" dest="3+">
				<expression />
			</RegExp>
			<expression noclean="1" />
		</RegExp>
	</GetSearchResults>
	<GetDetails dest="4">
		<RegExp input="$$8" output="&lt;details&gt;\1&lt;/details&gt;" dest="4">
			<RegExp input="$$1" output="&lt;title&gt;\1&lt;/title&gt;" dest="8">
				<expression>&lt;h2&gt;(.*)&lt;/h2&gt;</expression>
			</RegExp>
			<RegExp input="$$1" output="&lt;year&gt;\1&lt;/year&gt;" dest="8+">
				<expression>&lt;td nowrap class="property"&gt;Update:&lt;/td&gt;\s*&lt;td class="value"&gt;([0-9]{4}).*?&lt;/td&gt;</expression>
			</RegExp>
			<RegExp input="$$1" output="&lt;thumb&gt;http://www.caribbeancom.com\1/g_samp_01.jpg&lt;/thumb&gt;&lt;thumb&gt;http://www.caribbeancom.com\1/g_samp_02.jpg&lt;/thumb&gt;&lt;thumb&gt;http://www.caribbeancom.com\1/g_samp_03.jpg&lt;/thumb&gt;" dest="8+">
				<expression repeat="yes">(/moviepages/[0-9]{6}-[0-9]{3}/images)/l.jpg</expression>
			</RegExp>
			<RegExp input="$$1" output="&lt;studio&gt;Caribbeancom&lt;/studio&gt;" dest="8+">
				<expression />
			</RegExp>
			<RegExp input="$$1" output="&lt;genre&gt;\1&lt;/genre&gt;" dest="8+">
				<expression repeat="yes">&lt;td nowrap class="property"&gt;Category:&lt;/td&gt;\s*&lt;td class="value"&gt;&lt;a href=".*?" class="value"&gt;(.*?)&lt;/a&gt;&lt;/td&gt;</expression>
			</RegExp>
			<RegExp input="$$1" output="&lt;actor&gt;&lt;thumb spoof=&quot;http://www.caribbeancom.com&quot;&gt;http://www.caribbeancom.com\1/n.jpg&lt;/thumb&gt;&lt;name&gt;\2 \3&lt;/name&gt;&lt;/actor&gt;" dest="8+">
				<expression>(/moviepages/[0-9]{6}-[0-9]{3}/images)/l.jpg.*?&lt;td nowrap class="property"&gt;Starring:&lt;/td&gt;\s*&lt;td width="100%" class="value"&gt;&lt;a href="/eng/search/(.*?)\+(.*?)/1.html" class="value"&gt;</expression>
			</RegExp>
			<expression noclean="1" />
		</RegExp>
	</GetDetails>
</scraper>