﻿<?xml version="1.0" encoding="utf-8"?><scraper framework="1.1" date="2013-11-22" name="jav" content="movies" language="en">
	<NfoUrl dest="3">
		<RegExp input="$$1" output="\1" dest="3">
			<expression />
		</RegExp>
	</NfoUrl>
	<CreateSearchUrl clearbuffers="no" dest="3">
		<RegExp input="$$1" output="&lt;url&gt;http://my.tokyo-hot.com/product/?q=\1&amp;x=0&amp;y=0&lt;/url&gt;" dest="3">
			<expression encode="1">(.*)</expression>
		</RegExp>
	</CreateSearchUrl>
	<GetSearchResults clearbuffers="no" dest="8">
		<RegExp input="$$3" output="&lt;?xml version=&quot;1.0&quot; encoding=&quot;UTF-8&quot; standalone=&quot;yes&quot;?&gt;&lt;results&gt;\1&lt;/results&gt;" dest="8">
			<RegExp input="$$1" output="&lt;entity&gt;&lt;title&gt;\2&lt;/title&gt;&lt;url&gt;http://my.tokyo-hot.com\1&lt;/url&gt;&lt;/entity&gt;" dest="3">
				<expression repeat="yes">&lt;a href="(/product/[0-9]{4,}/)" class="rm"&gt;.*?&lt;div class="title"&gt;(.*?)&lt;/div&gt;</expression>
			</RegExp>
			<expression noclean="1" />
		</RegExp>
	</GetSearchResults>
	<GetDetails dest="4">
		<RegExp input="$$8" output="&lt;details&gt;\1&lt;/details&gt;" dest="4">
			<RegExp input="$$1" output="&lt;title&gt;\1&lt;/title&gt;" dest="8">
				<expression>&lt;div class="contents"&gt;.*?&lt;h2&gt;(.*?)&lt;/h2&gt;</expression>
			</RegExp>
			<RegExp input="$$1" output="&lt;year&gt;\1&lt;/year&gt;" dest="8+">
				<expression>&lt;dt&gt;配信開始日&lt;/dt&gt;.*? &lt;dd&gt;([0-9]{4})/[0-9]{1,2}/[0-9]{1,2}&lt;/dd&gt;</expression>
			</RegExp>
			<RegExp input="$$1" output="&lt;thumb&gt;http://my.tokyo-hot.com/\1/package/_v.jpg&lt;/thumb&gt;&lt;thumb&gt;http://my.tokyo-hot.com/\1/package/_vb.jpg&lt;/thumb&gt;&lt;fanart&gt;&lt;thumb&gt;http://my.tokyo-hot.com/\1/jacket/\2.jpg&lt;/thumb&gt;&lt;/fanart&gt;" dest="8+">
				<expression>&lt;a href="/(media/[0-9]*?)/jacket/(.*?)\.jpg"&gt;</expression>
			</RegExp>
			<RegExp input="$$1" output="&lt;studio&gt;Tokyo-Hot&lt;/studio&gt;" dest="8+">
				<expression />
			</RegExp>
			<RegExp input="$$1" output="&lt;plot&gt;\1&lt;/plot&gt;" dest="8+">
				<expression>&lt;div class="sentence"&gt;(.*?)&lt;/div&gt;</expression>
			</RegExp>
			<RegExp input="$$3" output="&lt;genre&gt;\1&lt;/genre&gt;" dest="8+">
				<RegExp input="$$1" output="\1" dest="3">
					<expression noclean="1">&lt;/div&gt;.*?&lt;dl class="info"&gt;(.*?)&lt;/dl&gt;</expression>
				</RegExp>
				<expression repeat="yes">&lt;a href="/product/\?type=.{4,5}&amp;filter=.*?"&gt;(.*?)&lt;/a&gt;</expression>
			</RegExp>
			<RegExp input="$$1" output="&lt;actor&gt;&lt;thumb&gt;http://my.tokyo-hot.com/media/cast/\1/thumbnail.jpg&lt;/thumb&gt;&lt;name&gt;\2&lt;/name&gt;&lt;/actor&gt;" dest="8+">
				<expression repeat="yes">&lt;dd&gt;&lt;a href="/cast/([0-9]*?)/"&gt;(.*?)&lt;/a&gt;.*?&lt;/dd&gt;</expression>
			</RegExp>
			<expression noclean="1" />
		</RegExp>
	</GetDetails>
</scraper>