﻿<?xml version="1.0" encoding="utf-8"?><scraper framework="1.1" date="2013-07-31" name="jav" content="movies" language="en">
	<NfoUrl dest="3">
		<RegExp input="$$1" output="\1" dest="3">
			<expression />
		</RegExp>
	</NfoUrl>
	<CreateSearchUrl clearbuffers="no" dest="3">
		<RegExp input="$$1" output="&lt;url&gt;http://my.tokyo-hot.com/index.php?keyword=\1&amp;pg=list&amp;newlang=2&lt;/url&gt;" dest="3">
			<expression encode="1">(.*)</expression>
		</RegExp>
	</CreateSearchUrl>
	<GetSearchResults clearbuffers="no" dest="8">
		<RegExp input="$$3" output="&lt;?xml version=&quot;1.0&quot; encoding=&quot;UTF-8&quot; standalone=&quot;yes&quot;?&gt;&lt;results&gt;\1&lt;/results&gt;" dest="8">
			<RegExp input="$$1" output="&lt;entity&gt;&lt;title&gt;\2&lt;/title&gt;&lt;url&gt;http://my.tokyo-hot.com/\1&lt;/url&gt;&lt;/entity&gt;" dest="3">
				<expression repeat="yes">&lt;a href="(index\.php\?pg=detail&amp;id=[0-9]*?&amp;navi=1&amp;name=listing&amp;page=1)"&gt;(.*?)&lt;/a&gt;</expression>
			</RegExp>
			<expression noclean="1" />
		</RegExp>
	</GetSearchResults>
	<GetDetails dest="4">
		<RegExp input="$$8" output="&lt;details&gt;\1&lt;/details&gt;" dest="4">
			<RegExp input="$$1" output="&lt;title&gt;\1&lt;/title&gt;" dest="8">
				<expression>&lt;div id="product_title"&gt;(.*?)&lt;/div&gt;</expression>
			</RegExp>
			<RegExp input="$$1" output="&lt;year&gt;\1&lt;/year&gt;" dest="8+">
				<expression>初公開日:&lt;/span&gt; ([0-9]{4}).*?&lt;/div&gt;</expression>
			</RegExp>
			<RegExp input="$$1" output="&lt;thumb&gt;http://my.tokyo-hot.com/\1_v.jpg&lt;/thumb&gt;&lt;thumb&gt;http://my.tokyo-hot.com/\1_vb.jpg&lt;/thumb&gt;" dest="8+">
				<expression>&lt;img src="(/media/[0-9]*/package/)_v.jpg" /&gt;</expression>
			</RegExp>
			<RegExp input="$$1" output="&lt;studio&gt;Tokyo-Hot&lt;/studio&gt;" dest="8+">
				<expression />
			</RegExp>
			<RegExp input="$$1" output="&lt;plot&gt;\1&lt;/plot&gt;" dest="8+">
				<expression>&lt;div class="expander"&gt;(.*?)&lt;/div&gt;</expression>
			</RegExp>
			<RegExp input="$$1" output="&lt;genre&gt;\2&lt;/genre&gt;" dest="8+">
				<expression repeat="yes">&lt;a href="/index\.php\?pg=list&amp;(genre|theme|costume)=[0-9]*"&gt;(.*?)&lt;/a&gt;</expression>
			</RegExp>
			<RegExp input="$$1" output="&lt;actor&gt;&lt;thumb&gt;http://my.tokyo-hot.com/media/cast/\2/thumbnail.jpg&lt;/thumb&gt;&lt;name&gt;\3&lt;/name&gt;&lt;/actor&gt;" dest="8+">
				<expression repeat="yes">&lt;a href="/index\.php\?pg=cast&amp;(amp;)?id=([0-9]*)"&gt;(.*?)&lt;/a&gt;</expression>
			</RegExp>
			<expression noclean="1" />
		</RegExp>
	</GetDetails>
</scraper>